,Kiosk ID,Kiosk Name,Kiosk Status,Location,Address,Alternate Name,City Asset Number,Property Type,Number of Docks,Power Type,Footprint Length,Footprint Width,Notes,Council District,Image,Modified Date,Latitude,Longitude,Num_Rides_AllTime,Num_Rides_2017,Num_Rides_2018,Num_Rides_2019,Num_Rides_2020,Num_Rides_2021
0,2570,South Congress & Academy,active,"(30.25226, -97.74854)",1199 S. Congress Ave.,,16752.0,sidewalk,10.0,solar,20.0,7.5,on bulb-out,9,,01/04/2021 12:00:00 AM,30.25226, -97.74854,491175.0,83900.0,54925.0,13650.0,15975.0,16650.0
1,2571,Red River & 8th Street,active,"(30.26854, -97.73646)",761 Red River St.,,16760.0,sidewalk,13.0,solar,40.0,5.0,on pad built in ROW/easement,9,,01/04/2021 12:00:00 AM,30.26854, -97.73646,359325.0,68250.0,54125.0,17775.0,16200.0,21475.0
2,2572,Barton Springs Pool,active,"(30.26452, -97.7712)",2200 William Barton Dr.,,16758.0,parkland,13.0,solar,40.0,5.0,,8,,01/04/2021 12:00:00 AM,30.26452, -97.7712,509400.0,95600.0,76675.0,40025.0,31575.0,29725.0
3,2574,Zilker Park,active,"(30.2659, -97.76822)",Barton Springs Rd,Zilker Park at Barton Springs and William Burton Drive,16759.0,parkland,17.0,solar,50.0,5.0,parkland at ROW/easement,8,,01/04/2021 12:00:00 AM,30.2659, -97.76822,712575.0,154175.0,125125.0,69800.0,76575.0,69375.0
4,2575,Riverside @ S. Lamar,active,"(30.26446, -97.75665)",Presented by Austin Parks Foundation,,16736.0,parkland,15.0,solar,45.0,5.0,parkland at ROW/easement,5,,01/04/2021 12:00:00 AM,30.26446, -97.75665,1227900.0,210800.0,171925.0,97500.0,100650.0,73825.0
5,2707,Rainey St @ Cummings,active,"(30.25579, -97.73982)",1 Rainey St,,16597.0,parkland,17.0,solar,50.0,5.0,parkland at ROW/easement,9,,01/04/2021 12:00:00 AM,30.25579, -97.73982,1071775.0,213475.0,156400.0,82750.0,99125.0,76775.0
6,2711,Barton Springs @ Kinney Ave,active,"(30.262, -97.76118)",1530 Barton Springs Road,,16599.0,sidewalk,16.0,solar,30.0,7.5,2-sided station on pad adjacent to sidewalk in ROW/easement,5,,01/04/2021 12:00:00 AM,30.262, -97.76118,572875.0,110900.0,66150.0,22450.0,33425.0,28975.0
7,2822,East 6th at Robert Martinez,active,"(30.26032, -97.71899)",2120 East 6th St,,16674.0,undetermined_parking,13.0,solar,40.0,5.0,,3,,01/04/2021 12:00:00 AM,30.26032, -97.71899,245025.0,56325.0,40925.0,10675.0,14775.0,10775.0
8,2823,Capital Metro HQ - East 5th at Broadway,active,"(30.2563, -97.71007)",2910 E 5th St,,16684.0,undetermined_parking,13.0,solar,40.0,5.0,,3,,01/04/2021 12:00:00 AM,30.2563, -97.71007,115900.0,20675.0,14725.0,7900.0,12375.0,12575.0
9,3291,11th & San Jacinto,active,"(30.27193, -97.73854)",310 E. 11th St.,,32503.0,sidewalk,11.0,solar,35.0,5.0,,1,,01/04/2021 12:00:00 AM,30.27193, -97.73854,173400.0,33675.0,29700.0,10525.0,25750.0,22575.0
10,3292,East 4th & Chicon,active,"(30.25987, -97.72373)",1819 East 4th St.,,32516.0,undetermined_parking,9.0,solar,30.0,5.0,,3,,01/04/2021 12:00:00 AM,30.25987, -97.72373,187750.0,48250.0,38150.0,15075.0,15350.0,20975.0
11,3293,East 2nd & Pedernales,active,"(30.25542, -97.71665)",2414 E 2nd St,,16729.0,nonmetered_parking,10.0,solar,20.0,15.0,Kiosk replaced by Barton Sp/Riverside.  Old city ID: 32517,3,,01/04/2021 12:00:00 AM,30.25542, -97.71665,143825.0,32425.0,29300.0,9550.0,12800.0,15425.0
12,3294,Lavaca & 6th,active,"(30.26911, -97.7462)",619 Guadalupe St.,,32515.0,sidewalk,12.0,solar,25.0,7.5,"double sided, remeasure",9,,01/04/2021 12:00:00 AM,30.26911, -97.7462,94200.0,27325.0,39675.0,10250.0,8675.0,8275.0
13,3377,MoPac Pedestrian Bridge @ Veterans Drive,active,"(30.27466, -97.77028)",2105 Veterans Dr.,,16598.0,undetermined_parking,19.0,solar,55.0,5.0,parkland in ROW/eastment,9,,01/04/2021 12:00:00 AM,30.27466, -97.77028,548350.0,131375.0,101450.0,64625.0,68225.0,58975.0
14,3390,Brazos & 6th,active,"(30.26754, -97.74154)",585 Brazos St.,,16754.0,paid_parking,13.0,solar,40.0,5.0,,9,,01/04/2021 12:00:00 AM,30.26754, -97.74154,386025.0,117525.0,84850.0,23800.0,24350.0,24800.0
15,2504,South Congress & Elizabeth,active,"(30.24891, -97.75019)",101 Elizabeth St. W,,16731.0,undetermined_parking,13.0,solar,40.0,5.0,,9,,01/04/2021 12:00:00 AM,30.24891, -97.75019,467800.0,82350.0,67775.0,18650.0,24425.0,24100.0
16,2537,West & 6th St.,active,"(30.27041, -97.75046)",603 West Ave.,,16737.0,undetermined_parking,13.0,solar,40.0,5.0,,9,,01/04/2021 12:00:00 AM,30.27041, -97.75046,394925.0,62675.0,41675.0,7375.0,15525.0,17700.0
17,2539,Convention Center / 3rd & Trinity,active,"(30.26426, -97.74023)",212 Trinity,,16747.0,sidewalk,12.0,solar,35.0,5.0,,9,,01/04/2021 12:00:00 AM,30.26426, -97.74023,571575.0,120050.0,86625.0,29825.0,48775.0,55225.0
18,2540,17th & Guadalupe,closed,"(30.27974, -97.74254)",411 W. 17th St.,,16739.0,paid_parking,12.0,solar,40.0,5.0,,9,,03/12/2021 01:02:00 PM,30.27974, -97.74254,287850.0,37175.0,72950.0,18325.0,4575.0,0.0
19,2542,Plaza Saltillo,active,"(30.26217, -97.72743)",1501 E. 5th St.,,16746.0,sidewalk,12.0,solar,40.0,5.0,on station plaza,3,,01/04/2021 12:00:00 AM,30.26217, -97.72743,435200.0,103300.0,70375.0,26050.0,30525.0,28550.0
20,2544,East 6th & Pedernales St.,active,"(30.25895, -97.71475)",2498 E. 6th St.,,16738.0,undetermined_parking,11.0,solar,35.0,5.0,,3,,01/04/2021 12:00:00 AM,30.25895, -97.71475,193725.0,38175.0,27525.0,11400.0,23425.0,14650.0
21,2547,Guadalupe & 21st,active,"(30.28395, -97.74198)",2100 Guadalupe St.,,16749.0,paid_parking,13.0,solar,40.0,5.0,in buffer area parking,9,,01/04/2021 12:00:00 AM,30.28395, -97.74198,770325.0,38600.0,385725.0,77650.0,54900.0,68475.0
22,2548,UT West Mall @ Guadalupe,active,"(30.28576, -97.74181)",2242 Guadalupe St.,,16748.0,paid_parking,15.0,solar,45.0,5.0,"in buffer area parking, check dock #",9,,01/04/2021 12:00:00 AM,30.28576, -97.74181,819150.0,67750.0,345850.0,66300.0,37375.0,78700.0
23,2549,Long Center @ South 1st & Riverside,active,"(30.25941, -97.74971)",Presented by Austin Energy,,16750.0,sidewalk,13.0,solar,40.0,5.0,,9,,01/04/2021 12:00:00 AM,30.25941, -97.74971,666350.0,114175.0,83000.0,43250.0,55075.0,42675.0
24,2561,State Capitol Visitors Garage @ San Jacinto & 12th,active,"(30.27336, -97.73805)",1201 San Jacinto Blvd.,,16764.0,sidewalk,13.0,solar,40.0,5.0,state property?,1,,01/04/2021 12:00:00 AM,30.27336, -97.73805,204075.0,30050.0,31975.0,12300.0,19100.0,13325.0
25,2562,San Jacinto & 8th Street,active,"(30.26912, -97.73986)",782 San Jacinto Blvd.,,16755.0,paid_parking,13.0,solar,40.0,5.0,,9,,01/04/2021 12:00:00 AM,30.26912, -97.73986,291050.0,38700.0,35025.0,12375.0,9850.0,8400.0
26,2563,Davis at Rainey Street,active,"(30.26019, -97.73845)",698 Davis St.,,16751.0,paid_parking,19.0,solar,55.0,5.0,,9,,01/04/2021 12:00:00 AM,30.26019, -97.73845,873075.0,188900.0,140350.0,39200.0,47000.0,37150.0
27,2565,Trinity & 6th Street,active,"(30.26735, -97.73933)",606 Trinity Street,,16763.0,sidewalk,11.0,solar,30.0,5.0,,9,,01/04/2021 12:00:00 AM,30.26735, -97.73933,367100.0,49500.0,46325.0,13775.0,9425.0,13625.0
28,2566,Pfluger Bridge @ W 2nd Street,active,"(30.26717, -97.75484)",Presented by Austin Parks Foundation,,16762.0,sidewalk,19.0,solar,55.0,5.0,adjacent to parkland,9,,01/04/2021 12:00:00 AM,30.26717, -97.75484,833150.0,126350.0,109100.0,68875.0,75875.0,51200.0
29,2567,Palmer Auditorium,active,"(30.25971, -97.75346)",900 Barton Springs Rd.,,16753.0,sidewalk,15.0,solar,45.0,5.0,adjacent to parkland,9,,01/04/2021 12:00:00 AM,30.25971, -97.75346,627025.0,108775.0,83700.0,45375.0,42350.0,41875.0
30,2568,East 11th St. at Victory Grill,active,"(30.26896, -97.72843)",1106 E. 11th St.,,16757.0,undetermined_parking,11.0,solar,35.0,5.0,,1,,01/04/2021 12:00:00 AM,30.26896, -97.72843,158350.0,32875.0,22775.0,9225.0,6950.0,10075.0
31,2569,East 11th St. & San Marcos,active,"(30.26968, -97.73074)",1001 E. 11th St.,,16756.0,undetermined_parking,11.0,solar,35.0,5.0,,1,,01/04/2021 12:00:00 AM,30.26968, -97.73074,320800.0,59400.0,38425.0,19575.0,12175.0,15525.0
32,2494,2nd & Congress,active,"(30.26408, -97.74355)",151 E. 2nd St,,16733.0,paid_parking,15.0,solar,45.0,5.0,,9,,01/04/2021 12:00:00 AM,30.26408, -97.74355,983000.0,190000.0,126450.0,44375.0,44100.0,45725.0
33,2495,4th & Congress,active,"(30.26634, -97.74378)",120 W. 4th St.,,16726.0,paid_parking,15.0,solar,45.0,5.0,,9,,01/04/2021 12:00:00 AM,30.26634, -97.74378,850050.0,147625.0,95875.0,25325.0,35500.0,28950.0
34,2496,8th & Congress,active,"(30.2698, -97.74186)",111 E. 8th St.,,16725.0,sidewalk,14.0,solar,20.0,7.5,double sided,9,,01/04/2021 12:00:00 AM,30.2698, -97.74186,461650.0,65800.0,53150.0,28500.0,18500.0,16000.0
35,2497,Capitol Station / Congress & 11th,active,"(30.2726, -97.74127)",1090 Congress Ave.,,16735.0,sidewalk,18.0,solar,25.0,7.5,double sided,1,,01/04/2021 12:00:00 AM,30.2726, -97.74127,754825.0,116250.0,106825.0,38400.0,38450.0,38450.0
36,2498,Convention Center / 4th St. @ MetroRail,active,"(30.26483, -97.739)",499 E. 4th St,,16734.0,sidewalk,17.0,non-metered,50.0,5.0,moving soon when CapMetro Station work complete,9,,01/04/2021 12:00:00 AM,30.26483, -97.739,841400.0,154900.0,101425.0,19425.0,29825.0,40575.0
37,2499,City Hall / Lavaca & 2nd,active,"(30.26476, -97.74678)",Presented by Graves Dougherty Hearon & Moody,,16732.0,sidewalk,19.0,solar,55.0,5.0,check dock #-18?,9,,01/04/2021 12:00:00 AM,30.26476, -97.74678,985625.0,167850.0,114450.0,38275.0,46200.0,27450.0
38,2501,5th & Bowie,active,"(30.2696, -97.75332)",Presented by Whole Foods Market,,16728.0,paid_parking,15.0,solar,45.0,5.0,,9,,01/04/2021 12:00:00 AM,30.2696, -97.75332,948950.0,156050.0,110275.0,30350.0,58050.0,38575.0
39,2503,South Congress & James,active,"(30.25103, -97.74926)",Presented by The Austin Chronicle,,16730.0,sidewalk,9.0,solar,26.0,7.5,on bulb-out,9,,01/04/2021 12:00:00 AM,30.25103, -97.74926,522775.0,94150.0,70900.0,23025.0,16875.0,19625.0
40,2552,3rd & West,active,"(30.2678, -97.75189)",652 W. 3rd St,,16727.0,paid_parking,13.0,solar,40.0,5.0,,9,,01/04/2021 12:00:00 AM,30.2678, -97.75189,747375.0,138550.0,118075.0,57550.0,70000.0,63425.0
41,3455,Republic Square @ 5th & Guadalupe,active,"(30.26753, -97.74805)",Federal Courthouse Plaza,,16741.0,sidewalk,13.0,non-metered,40.0,5.0,,9,,01/04/2021 12:00:00 AM,30.26753, -97.74805,230575.0,46725.0,52375.0,22075.0,29225.0,23925.0
42,3621,Nueces & 3rd,active,"(30.26697, -97.74929)",311 Nueces St.,,16742.0,paid_parking,11.0,solar,35.0,5.0,,9,,01/04/2021 12:00:00 AM,30.26697, -97.74929,299825.0,92900.0,86000.0,35475.0,50400.0,35050.0
43,3464,Pease Park,closed,"(30.28118, -97.75219)",1155 Kingsbury St,,,,,,,,,9,,01/04/2021 12:00:00 AM,30.28118, -97.75219,16500.0,8425.0,0.0,0.0,0.0,0.0
44,4699,East 5th/Shady @ Eastside Bus Plaza,active,"(30.25212, -97.69807)",5104 East 5th. Street,,32522.0,sidewalk,10.0,solar,15.0,10.0,,3,,07/27/2021 08:25:00 AM,30.25212, -97.69807,9500.0,0.0,0.0,0.0,400.0,9100.0
45,4879,16th/San Antonio,active,"(30.27924, -97.74371)",1601 San Antonio Street,,16739.0,paid_parking,12.0,solar,40.0,5.0,,9,,03/12/2021 01:15:00 PM,30.27924, -97.74371,25250.0,0.0,0.0,0.0,0.0,25250.0
46,3513,South Congress & Barton Springs at the Austin American-Statesman,active,"(30.25839, -97.74592)",305 S. Congress Ave.,,16745.0,sidewalk,13.0,solar,40.0,5.0,,9,,01/04/2021 12:00:00 AM,30.25839, -97.74592,393150.0,119775.0,92975.0,42925.0,43225.0,37900.0
47,3619,6th & Congress,active,"(30.26822, -97.74285)",600 Congress Ave.,Congress & 6th Street,16743.0,sidewalk,11.0,solar,30.0,5.0,remeasure,9,,01/04/2021 12:00:00 AM,30.26822, -97.74285,302875.0,99075.0,86550.0,37025.0,37075.0,42875.0
48,3635,13th & San Antonio,closed,"(30.27616, -97.74488)",1285 San Antonio St.,,32522.0,paid_parking,13.0,solar,40.0,5.0,,9,,03/12/2021 12:49:00 PM,30.27616, -97.74488,68650.0,19150.0,28475.0,9525.0,11500.0,0.0
49,3660,Medina & East 6th,active,"(30.26455, -97.73165)",590 Medina St.,,16761.0,undetermined_parking,11.0,solar,35.0,5.0,,3,,01/04/2021 12:00:00 AM,30.26455, -97.73165,187025.0,61575.0,41650.0,13450.0,34575.0,35775.0
50,3684,Congress & Cesar Chavez,active,"(30.26332, -97.74508)",124 W Cesar Chavez St,,32594.0,parkland,11.0,solar,35.0,5.0,parkland at ROW/easement,9,,01/04/2021 12:00:00 AM,30.26332, -97.74508,204700.0,36750.0,82775.0,41275.0,21300.0,22600.0
51,3685,Henderson & 9th,active,"(30.27217, -97.75246)",672 Henderson Street,,32593.0,paid_parking,13.0,solar,40.0,5.0,,9,,01/04/2021 12:00:00 AM,30.27217, -97.75246,127750.0,18275.0,46750.0,15975.0,20725.0,26025.0
52,3686,Sterzing at Barton Springs,active,"(30.26406, -97.76385)",1825 Barton Springs Rd,,32592.0,undetermined_parking,13.0,solar,40.0,5.0,,5,,01/04/2021 12:00:00 AM,30.26406, -97.76385,242400.0,41025.0,78775.0,37175.0,49075.0,36350.0
53,3687,Boardwalk West,active,"(30.25457, -97.74258)",300 E. Riverside Dr.,,16683.0,parkland,9.0,solar,30.0,5.0,,9,,01/04/2021 12:00:00 AM,30.25457, -97.74258,272375.0,59300.0,82900.0,31950.0,55525.0,42700.0
54,3790,Lake Austin Blvd @ Deep Eddy,active,"(30.27807, -97.77272)",2401 Lake Austin Blvd,,32673.0,sidewalk,13.0,solar,40.0,5.0,,10,,01/04/2021 12:00:00 AM,30.27807, -97.77272,69700.0,0.0,20700.0,11125.0,19425.0,18450.0
55,3791,Lake Austin & Enfield,active,"(30.29439, -97.78375)",3825 Lake Austin Blvd,,32672.0,undetermined_parking,13.0,solar,40.0,5.0,,10,,01/04/2021 12:00:00 AM,30.29439, -97.78375,50200.0,0.0,11875.0,4225.0,18550.0,15550.0
56,3792,22nd & Pearl,active,"(30.2853, -97.7467)",900 W. 22nd,,32669.0,undetermined_parking,13.0,solar,40.0,5.0,,9,,01/04/2021 12:00:00 AM,30.2853, -97.7467,686550.0,0.0,497950.0,91450.0,39100.0,58050.0
57,3793,Rio Grande & 28th,active,"(30.29333, -97.74412)",2717 Rio Grande St.,,32668.0,paid_parking,13.0,solar,40.0,5.0,,9,,01/04/2021 12:00:00 AM,30.29333, -97.74412,704275.0,0.0,444925.0,103100.0,64250.0,92000.0
58,3794,Dean Keeton & Speedway,active,"(30.28953, -97.73695)",180 E. Dean Keeton St.,,32670.0,undetermined_parking,19.0,solar,55.0,5.0,,9,,01/04/2021 12:00:00 AM,30.28953, -97.73695,684850.0,0.0,495900.0,150175.0,20550.0,18225.0
59,3795,Dean Keeton & Whitis,active,"(30.2898, -97.74041)",300 W. Dean Keeton St.,,32671.0,undetermined_parking,19.0,solar,55.0,5.0,,9,,01/04/2021 12:00:00 AM,30.2898, -97.74041,526125.0,0.0,413900.0,35400.0,34475.0,42350.0
60,3797,21st & University,active,"(30.28354, -97.73953)",2007 University Ave.,,32674.0,undetermined_parking,19.0,solar,55.0,5.0,ROW might belong to UT,9,,01/04/2021 12:00:00 AM,30.28354, -97.73953,426875.0,0.0,304500.0,64275.0,27625.0,30475.0
61,3798,21st & Speedway @PCL,active,"(30.283, -97.7375)",E. 21st St.,,32675.0,sidewalk,22.0,solar,30.0,7.5,On UT property-2 sided,9,,01/04/2021 12:00:00 AM,30.283, -97.7375,2039350.0,0.0,1602525.0,260575.0,70125.0,106125.0
62,3799,23rd & San Jacinto @ DKR Stadium,active,"(30.2856, -97.7335)",E. 23rd St.,,32676.0,sidewalk,22.0,solar,30.0,7.5,On UT property-2 sided,1,,01/04/2021 12:00:00 AM,30.2856, -97.7335,305500.0,0.0,206400.0,38725.0,26625.0,33750.0
63,3838,Nueces & 26th,active,"(30.29068, -97.74292)",600 W. 26th St.,,16744.0,undetermined_parking,13.0,solar,40.0,5.0,,9,,01/04/2021 12:00:00 AM,30.29068, -97.74292,559650.0,0.0,396150.0,69325.0,43450.0,50725.0
64,3841,23rd & Rio Grande,active,"(30.28728, -97.74495)",2308 Rio Grande St.,,16740.0,undetermined_parking,13.0,solar,40.0,5.0,,9,,01/04/2021 12:00:00 AM,30.28728, -97.74495,728325.0,0.0,540500.0,79150.0,52750.0,55925.0
65,4047,8th & Lavaca,active,"(30.27059, -97.74441)",750 Lavaca Street,,32710.0,sidewalk,9.0,solar,25.0,5.0,,9,,01/04/2021 12:00:00 AM,30.27059, -97.74441,37675.0,0.0,3900.0,8000.0,12600.0,13175.0
66,4048,South Congress @ Bouldin Creek,active,"(30.25495, -97.74755)",799 South Congress Avenue,,32746.0,undetermined_parking,13.0,solar,40.0,5.0,,9,,01/04/2021 12:00:00 AM,30.25495, -97.74755,74800.0,0.0,3525.0,12125.0,28825.0,30325.0
67,4050,5th & Campbell,active,"(30.27489, -97.76483)",1611 W 5th St,,32745.0,paid_parking,13.0,solar,40.0,5.0,,9,,01/04/2021 12:00:00 AM,30.27489, -97.76483,54675.0,0.0,5175.0,11075.0,22575.0,15850.0
68,4051,10th & Red River,active,"(30.27024, -97.73578)",699 East 10th Street,,32686.0,paid_parking,13.0,solar,40.0,5.0,,1,,01/04/2021 12:00:00 AM,30.27024, -97.73578,22775.0,0.0,4175.0,7600.0,4275.0,6725.0
69,4052,Rosewood & Angelina,active,"(30.26888, -97.72431)",1153 Angelina Street,,32687.0,nonmetered_parking,13.0,solar,40.0,5.0,,1,,01/04/2021 12:00:00 AM,30.26888, -97.72431,22225.0,0.0,2575.0,5575.0,7250.0,6825.0
70,4054,Rosewood & Chicon,active,"(30.26969, -97.71873)",1909 Rosewood Avenue,,32688.0,nonmetered_parking,13.0,solar,40.0,5.0,,1,,01/04/2021 12:00:00 AM,30.26969, -97.71873,22250.0,0.0,2925.0,5075.0,7100.0,7150.0
71,2500,Republic Square,closed,"(30.26751, -97.74802)",425 W 4th Street,,,,,,,,,9,,01/04/2021 12:00:00 AM,30.26751, -97.74802,11125.0,0.0,0.0,0.0,0.0,0.0
72,2502,Barton Springs & Riverside,closed,"(30.2587, -97.74872)",400 Barton Springs Rd.,,, ,0.0, ,,,moved to Pedernales/2nd. Original city ID: 16729,9,,01/04/2021 12:00:00 AM,30.2587, -97.74872,485900.0,79875.0,58250.0,1875.0,0.0,0.0
73,2536,Waller & 6th St.,closed,"(30.26461, -97.73049)",602 Waller St.,,,,,,,,,3,,01/04/2021 12:00:00 AM,30.26461, -97.73049,139400.0,0.0,0.0,0.0,0.0,0.0
74,2538,Bullock Museum @ Congress & MLK,closed,"(30.28039, -97.73809)",1881 Congress Ave.,,,,,,,,,1,,01/04/2021 12:00:00 AM,30.28039, -97.73809,288575.0,63600.0,0.0,0.0,0.0,0.0
75,2541,State Capitol @ 14th & Colorado,closed,"(30.27654, -97.74155)",206 W. 14th St.,,,,,,,,,1,,01/04/2021 12:00:00 AM,30.27654, -97.74155,126925.0,25175.0,0.0,0.0,0.0,0.0
76,2545,ACC - Rio Grande & 12th,closed,"(30.27595, -97.74739)",700 W. 12th St.,,,,,,,,,9,,01/04/2021 12:00:00 AM,30.27595, -97.74739,43725.0,0.0,0.0,0.0,0.0,0.0
77,2546,ACC - West & 12th Street,closed,"(30.27624, -97.74831)",1231 West Ave.,,,,,,,,,9,,01/04/2021 12:00:00 AM,30.27624, -97.74831,50050.0,0.0,0.0,0.0,0.0,0.0
78,2550,Republic Square @ Guadalupe & 4th St.,closed,"(30.26774, -97.74692)",Presented by Austin Ventures,,,,,,,,,9,,01/04/2021 12:00:00 AM,30.26774, -97.74692,271825.0,0.0,0.0,0.0,0.0,0.0
79,2564,5th & San Marcos,closed,"(30.26416, -97.73289)",991 East 5th,,,,,,,,,3,,01/04/2021 12:00:00 AM,30.26416, -97.73289,179025.0,12875.0,0.0,0.0,0.0,0.0
80,2576,Rainey @ River St,closed,"(30.25802, -97.7391)",64 Rainey St,,,,,,,,,9,,01/04/2021 12:00:00 AM,30.25802, -97.7391,75300.0,0.0,0.0,0.0,0.0,0.0
81,2712,Toomey Rd @ South Lamar,closed,"(30.26304, -97.75824)",1301 Toomey Road,,,,,,,,,5,,01/04/2021 12:00:00 AM,30.26304, -97.75824,88200.0,0.0,0.0,0.0,0.0,0.0
82,3381,East 7th & Pleasant Valley,closed,"(30.26025, -97.71002)",2772 E 7th,,,,,,,,,3,,01/04/2021 12:00:00 AM,30.26025, -97.71002,13450.0,0.0,0.0,0.0,0.0,0.0
83,1001,OFFICE/Main/Shop/Repair,active,"(30.27186, -97.73997)",1000 Brazos,,,,,,,,,1,,01/04/2021 12:00:00 AM,30.27186, -97.73997,300.0,300.0,0.0,0.0,0.0,0.0
84,4055,11th & Salina,active,"(30.26638, -97.7214)",1705 E 11th St,,32689.0,nonmetered_parking,13.0,solar,40.0,5.0,,1,,01/04/2021 12:00:00 AM,30.26638, -97.7214,49400.0,0.0,17675.0,19200.0,6875.0,5650.0
85,4057,6th & Chalmers,active,"(30.26269, -97.72438)",639 Chalmers Avenue,,32690.0,paid_parking,13.0,solar,40.0,5.0,,3,,01/04/2021 12:00:00 AM,30.26269, -97.72438,66600.0,0.0,5825.0,17075.0,20175.0,23525.0
86,4058,Hollow Creek & Barton Hills,active,"(30.26139, -97.77234)",1106 Hollow Creek Dr,,32685.0,nonmetered_parking,13.0,solar,40.0,5.0,,5,,01/04/2021 12:00:00 AM,30.26139, -97.77234,49975.0,0.0,4250.0,11175.0,19450.0,15100.0
87,4059,Nash Hernandez @ RBJ South,active,"(30.252, -97.7346)",1316 Festival Beach Rd,,32693.0,nonmetered_parking,13.0,solar,40.0,5.0,,3,,01/04/2021 12:00:00 AM,30.252, -97.7346,144575.0,0.0,10525.0,31550.0,51750.0,50750.0
88,4060,Red River/Cesar Chavez @ The Fairmont,active,"(30.26214, -97.7387)",101 Red River St.,,32691.0,sidewalk,13.0,solar,40.0,5.0,,9,,01/04/2021 12:00:00 AM,30.26214, -97.7387,82950.0,0.0,8375.0,22350.0,25325.0,26900.0
89,4061,Lakeshore @ Austin Hostel,active,"(30.24472, -97.72336)",2200 S Lakeshore Blvd,,32692.0,nonmetered_parking,15.0,solar,45.0,5.0,,3,,01/04/2021 12:00:00 AM,30.24472, -97.72336,231550.0,0.0,19150.0,57850.0,86925.0,67625.0
90,4062,Lakeshore & Pleasant Valley,active,"(30.24258, -97.71726)",2525 South Lakeshore Boulevard,,32711.0,nonmetered_parking,18.0,solar,55.0,5.0,,3,,01/04/2021 12:00:00 AM,30.24258, -97.71726,150225.0,0.0,11200.0,28525.0,60925.0,49575.0
91,1002,6th & Navasota St.,closed,"(30.26383, -97.72864)",1308 W. 6th St.,,,,,,,,,3,,01/04/2021 12:00:00 AM,30.26383, -97.72864,31400.0,0.0,0.0,0.0,0.0,0.0
92,1003,8th & Guadalupe,closed,"(30.27106, -97.74563)",800 Guadalupe St.,,,,,,,,,9,,01/04/2021 12:00:00 AM,30.27106, -97.74563,14325.0,0.0,0.0,0.0,0.0,0.0
93,1004,Red River & LBJ Library,closed,"(30.2848, -97.72756)",2322 Red River Street,,,,,,,,,1,,01/04/2021 12:00:00 AM,30.2848, -97.72756,0.0,0.0,0.0,0.0,0.0,0.0
94,1005,State Parking Garage @ Brazos & 18th,closed,"(30.27907, -97.73715)",1789 Brazos St.,,,,,,,,,1,,01/04/2021 12:00:00 AM,30.27907, -97.73715,6025.0,0.0,0.0,0.0,0.0,0.0
95,1006,Zilker Park West,closed,"(30.26587, -97.76826)",Barton Springs Rd,,,,,,,,,8,,01/04/2021 12:00:00 AM,30.26587, -97.76826,33300.0,0.0,0.0,0.0,0.0,0.0
96,1007,Lavaca & 6th,closed,"(30.26889, -97.74525)",601 Lavaca St.,,,,,,,,,9,,01/04/2021 12:00:00 AM,30.26889, -97.74525,115775.0,36525.0,0.0,0.0,0.0,0.0
97,1008,Nueces @ 3rd,closed,"(30.26694, -97.74939)",311 Nueces,,,,,,,,,9,,01/04/2021 12:00:00 AM,30.26694, -97.74939,106975.0,0.0,0.0,0.0,0.0,0.0
